<?xml version="1.0" encoding="utf-8" standalone="yes" ?>
<rss version="2.0" xmlns:atom="http://www.w3.org/2005/Atom">
  <channel>
    <title>Abouts on 青鸟的博客</title>
    <link>http://blue-bird1.github.io/about/</link>
    <description>Recent content in Abouts on 青鸟的博客</description>
    <generator>Hugo -- gohugo.io</generator>
    <language>zh-CN</language>
    
	<atom:link href="http://blue-bird1.github.io/about/index.xml" rel="self" type="application/rss+xml" />
    
    
    <item>
      <title></title>
      <link>http://blue-bird1.github.io/about/desc/</link>
      <pubDate>Mon, 01 Jan 0001 00:00:00 +0000</pubDate>
      
      <guid>http://blue-bird1.github.io/about/desc/</guid>
      <description>青鸟 一名无业游民
主要技能是编程 擅长CV大法 主要使用的编程语言
 python golang  主要使用的工具
 docker vim msf  写about me时的没有材料 是下次努力的动力</description>
    </item>
    
  </channel>
</rss>