<?xml version="1.0" encoding="utf-8" standalone="yes" ?>
<rss version="2.0" xmlns:atom="http://www.w3.org/2005/Atom">
  <channel>
    <title>漏洞分析 on 青鸟的博客</title>
    <link>http://blue-bird1.github.io/tags/%E6%BC%8F%E6%B4%9E%E5%88%86%E6%9E%90/</link>
    <description>Recent content in 漏洞分析 on 青鸟的博客</description>
    <generator>Hugo -- gohugo.io</generator>
    <language>zh-CN</language>
    <lastBuildDate>Tue, 28 Nov 2017 09:29:34 +0000</lastBuildDate>
    
	<atom:link href="http://blue-bird1.github.io/tags/%E6%BC%8F%E6%B4%9E%E5%88%86%E6%9E%90/index.xml" rel="self" type="application/rss+xml" />
    
    
    <item>
      <title>metinfo3.5.19后台getshell分析</title>
      <link>http://blue-bird1.github.io/post/metinfo3-5-19%E5%90%8E%E5%8F%B0getshell%E5%88%86%E6%9E%90/</link>
      <pubDate>Tue, 28 Nov 2017 09:29:34 +0000</pubDate>
      
      <guid>http://blue-bird1.github.io/post/metinfo3-5-19%E5%90%8E%E5%8F%B0getshell%E5%88%86%E6%9E%90/</guid>
      <description>metinfo后台getshellexp分析 漏洞版本3.5.19 漏洞文件路径/admin/app/physical/physical.php</description>
    </item>
    
    <item>
      <title>metinfo3.5.18后台getshell分析</title>
      <link>http://blue-bird1.github.io/post/metinfoexp/</link>
      <pubDate>Sat, 25 Nov 2017 09:27:13 +0000</pubDate>
      
      <guid>http://blue-bird1.github.io/post/metinfoexp/</guid>
      <description>此漏洞已经在最新版修复 exp /admin/app/physical/physical.php?action=op&amp;amp;op=3&amp;amp;va</description>
    </item>
    
  </channel>
</rss>