<?xml version="1.0" encoding="utf-8" standalone="yes" ?>
<rss version="2.0" xmlns:atom="http://www.w3.org/2005/Atom">
  <channel>
    <title>审计 on 青鸟的博客</title>
    <link>http://blue-bird1.github.io/tags/%E5%AE%A1%E8%AE%A1/</link>
    <description>Recent content in 审计 on 青鸟的博客</description>
    <generator>Hugo -- gohugo.io</generator>
    <language>zh-CN</language>
    <lastBuildDate>Thu, 17 Jan 2019 23:19:42 +0800</lastBuildDate>
    
	<atom:link href="http://blue-bird1.github.io/tags/%E5%AE%A1%E8%AE%A1/index.xml" rel="self" type="application/rss+xml" />
    
    
    <item>
      <title>think5审计与调试技巧1</title>
      <link>http://blue-bird1.github.io/post/thinkphp5-1/</link>
      <pubDate>Thu, 17 Jan 2019 23:19:42 +0800</pubDate>
      
      <guid>http://blue-bird1.github.io/post/thinkphp5-1/</guid>
      <description>&lt;h3 id=&#34;think5审计与调试技巧1&#34;&gt;think5审计与调试技巧1&lt;/h3&gt;</description>
    </item>
    
  </channel>
</rss>