<?xml version="1.0" encoding="utf-8" standalone="yes" ?>
<rss version="2.0" xmlns:atom="http://www.w3.org/2005/Atom">
  <channel>
    <title>统计学 on 青鸟的博客</title>
    <link>http://blue-bird1.github.io/categories/%E7%BB%9F%E8%AE%A1%E5%AD%A6/</link>
    <description>Recent content in 统计学 on 青鸟的博客</description>
    <generator>Hugo -- gohugo.io</generator>
    <language>zh-CN</language>
    <lastBuildDate>Mon, 07 Jan 2019 21:20:23 +0800</lastBuildDate>
    
	<atom:link href="http://blue-bird1.github.io/categories/%E7%BB%9F%E8%AE%A1%E5%AD%A6/index.xml" rel="self" type="application/rss+xml" />
    
    
    <item>
      <title>Statistics2</title>
      <link>http://blue-bird1.github.io/post/statistics2/</link>
      <pubDate>Mon, 07 Jan 2019 21:20:23 +0800</pubDate>
      
      <guid>http://blue-bird1.github.io/post/statistics2/</guid>
      <description>&lt;h4 id=&#34;统计学2-现代概率&#34;&gt;统计学2: 现代概率&lt;/h4&gt;

&lt;p&gt;现代概率的一大特征是概率不确定性.古代概率研究的骰子可以认为每面的概率是1/6, 但是统计天气的时候, 就没有理由认为晴天和雨天的概率都是1/2.&lt;/p&gt;</description>
    </item>
    
  </channel>
</rss>