<?xml version="1.0" encoding="utf-8" standalone="yes" ?>
<rss version="2.0" xmlns:atom="http://www.w3.org/2005/Atom">
  <channel>
    <title>网络安全 on 青鸟的博客</title>
    <link>http://blue-bird1.github.io/tags/%E7%BD%91%E7%BB%9C%E5%AE%89%E5%85%A8/</link>
    <description>Recent content in 网络安全 on 青鸟的博客</description>
    <generator>Hugo -- gohugo.io</generator>
    <language>zh-CN</language>
    <lastBuildDate>Thu, 20 Sep 2018 09:01:51 +0000</lastBuildDate>
    
	<atom:link href="http://blue-bird1.github.io/tags/%E7%BD%91%E7%BB%9C%E5%AE%89%E5%85%A8/index.xml" rel="self" type="application/rss+xml" />
    
    
    <item>
      <title>审计一些不太常见的点</title>
      <link>http://blue-bird1.github.io/post/%E5%AE%A1%E8%AE%A1%E4%B8%80%E4%BA%9B%E4%B8%8D%E5%A4%AA%E5%B8%B8%E8%A7%81%E7%9A%84%E7%82%B9/</link>
      <pubDate>Thu, 20 Sep 2018 09:01:51 +0000</pubDate>
      
      <guid>http://blue-bird1.github.io/post/%E5%AE%A1%E8%AE%A1%E4%B8%80%E4%BA%9B%E4%B8%8D%E5%A4%AA%E5%B8%B8%E8%A7%81%E7%9A%84%E7%82%B9/</guid>
      <description>博客好久没更新了，主要是没什么像0day之类的分享 漏洞分析大洞早被分析了 小洞也没什么意思.以后应该会主要分享一些思路吧 审计代码的时候很多人都</description>
    </item>
    
    <item>
      <title>CVE-2018-15605 </title>
      <link>http://blue-bird1.github.io/post/cve-2018-15605/</link>
      <pubDate>Sat, 25 Aug 2018 07:19:19 +0000</pubDate>
      
      <guid>http://blue-bird1.github.io/post/cve-2018-15605/</guid>
      <description>漏洞信息 在4.8.3之前在phpMyAdmin中发现了一个问题。已发现跨站点脚本漏洞，攻击者可以使用精心设计的文件来操作通过导入功能加载该文</description>
    </item>
    
  </channel>
</rss>