<?xml version="1.0" encoding="utf-8" standalone="yes" ?>
<rss version="2.0" xmlns:atom="http://www.w3.org/2005/Atom">
  <channel>
    <title>Categories on 青鸟的博客</title>
    <link>http://blue-bird1.github.io/categories/</link>
    <description>Recent content in Categories on 青鸟的博客</description>
    <generator>Hugo -- gohugo.io</generator>
    <language>zh-CN</language>
    
	<atom:link href="http://blue-bird1.github.io/categories/index.xml" rel="self" type="application/rss+xml" />
    
    
    <item>
      <title>统计学</title>
      <link>http://blue-bird1.github.io/categories/%E7%BB%9F%E8%AE%A1%E5%AD%A6/</link>
      <pubDate>Mon, 07 Jan 2019 21:20:23 +0800</pubDate>
      
      <guid>http://blue-bird1.github.io/categories/%E7%BB%9F%E8%AE%A1%E5%AD%A6/</guid>
      <description></description>
    </item>
    
    <item>
      <title>网络安全</title>
      <link>http://blue-bird1.github.io/categories/%E7%BD%91%E7%BB%9C%E5%AE%89%E5%85%A8/</link>
      <pubDate>Thu, 17 Jan 2019 23:19:42 +0800</pubDate>
      
      <guid>http://blue-bird1.github.io/categories/%E7%BD%91%E7%BB%9C%E5%AE%89%E5%85%A8/</guid>
      <description></description>
    </item>
    
  </channel>
</rss>