<?xml version="1.0" encoding="utf-8" standalone="yes" ?>
<rss version="2.0" xmlns:atom="http://www.w3.org/2005/Atom">
  <channel>
    <title>Tags on 青鸟的博客</title>
    <link>http://blue-bird1.github.io/tags/</link>
    <description>Recent content in Tags on 青鸟的博客</description>
    <generator>Hugo -- gohugo.io</generator>
    <language>zh-CN</language>
    <lastBuildDate>Tue, 15 Jan 2019 21:51:16 +0800</lastBuildDate>
    
	<atom:link href="http://blue-bird1.github.io/tags/index.xml" rel="self" type="application/rss+xml" />
    
    
    <item>
      <title>Docker</title>
      <link>http://blue-bird1.github.io/tags/docker/</link>
      <pubDate>Tue, 15 Jan 2019 21:51:16 +0800</pubDate>
      
      <guid>http://blue-bird1.github.io/tags/docker/</guid>
      <description></description>
    </item>
    
    <item>
      <title>Web安全</title>
      <link>http://blue-bird1.github.io/tags/web%E5%AE%89%E5%85%A8/</link>
      <pubDate>Tue, 22 May 2018 09:24:36 +0000</pubDate>
      
      <guid>http://blue-bird1.github.io/tags/web%E5%AE%89%E5%85%A8/</guid>
      <description></description>
    </item>
    
    <item>
      <title>学习笔记</title>
      <link>http://blue-bird1.github.io/tags/%E5%AD%A6%E4%B9%A0%E7%AC%94%E8%AE%B0/</link>
      <pubDate>Mon, 07 Jan 2019 21:20:23 +0800</pubDate>
      
      <guid>http://blue-bird1.github.io/tags/%E5%AD%A6%E4%B9%A0%E7%AC%94%E8%AE%B0/</guid>
      <description></description>
    </item>
    
    <item>
      <title>审计</title>
      <link>http://blue-bird1.github.io/tags/%E5%AE%A1%E8%AE%A1/</link>
      <pubDate>Thu, 17 Jan 2019 23:19:42 +0800</pubDate>
      
      <guid>http://blue-bird1.github.io/tags/%E5%AE%A1%E8%AE%A1/</guid>
      <description></description>
    </item>
    
    <item>
      <title>漏洞分析</title>
      <link>http://blue-bird1.github.io/tags/%E6%BC%8F%E6%B4%9E%E5%88%86%E6%9E%90/</link>
      <pubDate>Tue, 28 Nov 2017 09:29:34 +0000</pubDate>
      
      <guid>http://blue-bird1.github.io/tags/%E6%BC%8F%E6%B4%9E%E5%88%86%E6%9E%90/</guid>
      <description></description>
    </item>
    
    <item>
      <title>编程技术</title>
      <link>http://blue-bird1.github.io/tags/%E7%BC%96%E7%A8%8B%E6%8A%80%E6%9C%AF/</link>
      <pubDate>Mon, 01 Jan 0001 00:00:00 +0000</pubDate>
      
      <guid>http://blue-bird1.github.io/tags/%E7%BC%96%E7%A8%8B%E6%8A%80%E6%9C%AF/</guid>
      <description></description>
    </item>
    
    <item>
      <title>网络安全</title>
      <link>http://blue-bird1.github.io/tags/%E7%BD%91%E7%BB%9C%E5%AE%89%E5%85%A8/</link>
      <pubDate>Thu, 20 Sep 2018 09:01:51 +0000</pubDate>
      
      <guid>http://blue-bird1.github.io/tags/%E7%BD%91%E7%BB%9C%E5%AE%89%E5%85%A8/</guid>
      <description></description>
    </item>
    
  </channel>
</rss>