<?xml version="1.0" encoding="utf-8" standalone="yes" ?>
<rss version="2.0" xmlns:atom="http://www.w3.org/2005/Atom">
  <channel>
    <title>Posts on 青鸟的博客</title>
    <link>http://blue-bird1.github.io/post/</link>
    <description>Recent content in Posts on 青鸟的博客</description>
    <generator>Hugo -- gohugo.io</generator>
    <language>zh-CN</language>
    <lastBuildDate>Thu, 17 Jan 2019 23:19:42 +0800</lastBuildDate>
    
	<atom:link href="http://blue-bird1.github.io/post/index.xml" rel="self" type="application/rss+xml" />
    
    
    <item>
      <title>think5审计与调试技巧1</title>
      <link>http://blue-bird1.github.io/post/thinkphp5-1/</link>
      <pubDate>Thu, 17 Jan 2019 23:19:42 +0800</pubDate>
      
      <guid>http://blue-bird1.github.io/post/thinkphp5-1/</guid>
      <description>&lt;h3 id=&#34;think5审计与调试技巧1&#34;&gt;think5审计与调试技巧1&lt;/h3&gt;</description>
    </item>
    
    <item>
      <title>Docker搭建复现环境</title>
      <link>http://blue-bird1.github.io/post/dockertopoc/</link>
      <pubDate>Tue, 15 Jan 2019 21:51:16 +0800</pubDate>
      
      <guid>http://blue-bird1.github.io/post/dockertopoc/</guid>
      <description>&lt;h3 id=&#34;docker搭建复现环境&#34;&gt;docker搭建复现环境&lt;/h3&gt;

&lt;p&gt;安全人员进行漏洞复现经常需要搭建漏洞环境, docker能够很方便搭建漏洞环境,同时提供相当好的性能,管理功能.&lt;/p&gt;</description>
    </item>
    
    <item>
      <title>Statistics2</title>
      <link>http://blue-bird1.github.io/post/statistics2/</link>
      <pubDate>Mon, 07 Jan 2019 21:20:23 +0800</pubDate>
      
      <guid>http://blue-bird1.github.io/post/statistics2/</guid>
      <description>&lt;h4 id=&#34;统计学2-现代概率&#34;&gt;统计学2: 现代概率&lt;/h4&gt;

&lt;p&gt;现代概率的一大特征是概率不确定性.古代概率研究的骰子可以认为每面的概率是1/6, 但是统计天气的时候, 就没有理由认为晴天和雨天的概率都是1/2.&lt;/p&gt;</description>
    </item>
    
    <item>
      <title>Statistics1</title>
      <link>http://blue-bird1.github.io/post/statistics1/</link>
      <pubDate>Thu, 03 Jan 2019 21:22:40 +0800</pubDate>
      
      <guid>http://blue-bird1.github.io/post/statistics1/</guid>
      <description>统计与概率1 古典概率 概率的一个定义是一件事发生的一个情况的几率. 也可以表示成$f(\Omega, \omega, \varrho)$ 古典概率研究的是比较简单的情况, 例如硬币</description>
    </item>
    
    <item>
      <title>2018年总结</title>
      <link>http://blue-bird1.github.io/post/2018%E5%B9%B4%E6%80%BB%E7%BB%93/</link>
      <pubDate>Thu, 27 Dec 2018 17:03:24 +0000</pubDate>
      
      <guid>http://blue-bird1.github.io/post/2018%E5%B9%B4%E6%80%BB%E7%BB%93/</guid>
      <description>2018年总结 新博客 从hexo转到了hugo 使用上的变化 从qq转到了telegram 互联由 efb-qq-slave支持 从jetbrain ID</description>
    </item>
    
    <item>
      <title>如何使用工具快速进行fuzz</title>
      <link>http://blue-bird1.github.io/post/fuzz/</link>
      <pubDate>Thu, 20 Sep 2018 21:30:38 +0000</pubDate>
      
      <guid>http://blue-bird1.github.io/post/fuzz/</guid>
      <description>fuzz工具非常多 如libfuzz honggfuzz KernelFuzzer 也有专注进行web fuzz的wfuzz 但是fuzz功能可以分成两种 只是生成测试用例和检测程序使用测试用</description>
    </item>
    
    <item>
      <title>审计一些不太常见的点</title>
      <link>http://blue-bird1.github.io/post/%E5%AE%A1%E8%AE%A1%E4%B8%80%E4%BA%9B%E4%B8%8D%E5%A4%AA%E5%B8%B8%E8%A7%81%E7%9A%84%E7%82%B9/</link>
      <pubDate>Thu, 20 Sep 2018 09:01:51 +0000</pubDate>
      
      <guid>http://blue-bird1.github.io/post/%E5%AE%A1%E8%AE%A1%E4%B8%80%E4%BA%9B%E4%B8%8D%E5%A4%AA%E5%B8%B8%E8%A7%81%E7%9A%84%E7%82%B9/</guid>
      <description>博客好久没更新了，主要是没什么像0day之类的分享 漏洞分析大洞早被分析了 小洞也没什么意思.以后应该会主要分享一些思路吧 审计代码的时候很多人都</description>
    </item>
    
    <item>
      <title>CVE-2018-15605 </title>
      <link>http://blue-bird1.github.io/post/cve-2018-15605/</link>
      <pubDate>Sat, 25 Aug 2018 07:19:19 +0000</pubDate>
      
      <guid>http://blue-bird1.github.io/post/cve-2018-15605/</guid>
      <description>漏洞信息 在4.8.3之前在phpMyAdmin中发现了一个问题。已发现跨站点脚本漏洞，攻击者可以使用精心设计的文件来操作通过导入功能加载该文</description>
    </item>
    
    <item>
      <title>僵尸网络</title>
      <link>http://blue-bird1.github.io/post/botnet/</link>
      <pubDate>Tue, 07 Aug 2018 22:24:14 +0000</pubDate>
      
      <guid>http://blue-bird1.github.io/post/botnet/</guid>
      <description>此文是学习的一些自我总结 僵尸网络 僵尸网络是由众多肉鸡和网络控制者组成，网络控制者通过传播木马,漏洞利用等途径抓肉鸡，并通过命令服务器控制整个</description>
    </item>
    
    <item>
      <title>寻找历史漏洞</title>
      <link>http://blue-bird1.github.io/post/findbug/</link>
      <pubDate>Tue, 22 May 2018 09:24:36 +0000</pubDate>
      
      <guid>http://blue-bird1.github.io/post/findbug/</guid>
      <description>前言 对于著名cms 一旦爆出漏洞就算是xss 一天内都能看到漏洞分析文章和写好的利用代码。 但是如果我们渗透测试的时候遇到了不怎么著名的cms 发现</description>
    </item>
    
    <item>
      <title>metinfo3.5.19后台getshell分析</title>
      <link>http://blue-bird1.github.io/post/metinfo3-5-19%E5%90%8E%E5%8F%B0getshell%E5%88%86%E6%9E%90/</link>
      <pubDate>Tue, 28 Nov 2017 09:29:34 +0000</pubDate>
      
      <guid>http://blue-bird1.github.io/post/metinfo3-5-19%E5%90%8E%E5%8F%B0getshell%E5%88%86%E6%9E%90/</guid>
      <description>metinfo后台getshellexp分析 漏洞版本3.5.19 漏洞文件路径/admin/app/physical/physical.php</description>
    </item>
    
    <item>
      <title>metinfo3.5.18后台getshell分析</title>
      <link>http://blue-bird1.github.io/post/metinfoexp/</link>
      <pubDate>Sat, 25 Nov 2017 09:27:13 +0000</pubDate>
      
      <guid>http://blue-bird1.github.io/post/metinfoexp/</guid>
      <description>此漏洞已经在最新版修复 exp /admin/app/physical/physical.php?action=op&amp;amp;op=3&amp;amp;va</description>
    </item>
    
    <item>
      <title>metasploit python 模块</title>
      <link>http://blue-bird1.github.io/post/metasploit-python-%E6%A8%A1%E5%9D%97/</link>
      <pubDate>Mon, 01 Jan 0001 00:00:00 +0000</pubDate>
      
      <guid>http://blue-bird1.github.io/post/metasploit-python-%E6%A8%A1%E5%9D%97/</guid>
      <description>metasploit在2017年尾将python作为官方支持语言,并且已经有python模块加入主分支.这使得我们开发metasploit模</description>
    </item>
    
    <item>
      <title>metasploit python 模块是如何运行</title>
      <link>http://blue-bird1.github.io/post/metasploit-python-%E6%A8%A1%E5%9D%97%E6%98%AF%E5%A6%82%E4%BD%95%E8%BF%90%E8%A1%8C/</link>
      <pubDate>Mon, 01 Jan 0001 00:00:00 +0000</pubDate>
      
      <guid>http://blue-bird1.github.io/post/metasploit-python-%E6%A8%A1%E5%9D%97%E6%98%AF%E5%A6%82%E4%BD%95%E8%BF%90%E8%A1%8C/</guid>
      <description>开始 metasploit的扩展实现的代码主要在metasploit-framework/lib/msf/core/modules/exter</description>
    </item>
    
  </channel>
</rss>