<?xml version="1.0" encoding="utf-8" standalone="yes" ?>
<rss version="2.0" xmlns:atom="http://www.w3.org/2005/Atom">
  <channel>
    <title>编程技术 on 青鸟的博客</title>
    <link>http://blue-bird1.github.io/tags/%E7%BC%96%E7%A8%8B%E6%8A%80%E6%9C%AF/</link>
    <description>Recent content in 编程技术 on 青鸟的博客</description>
    <generator>Hugo -- gohugo.io</generator>
    <language>zh-CN</language>
    
	<atom:link href="http://blue-bird1.github.io/tags/%E7%BC%96%E7%A8%8B%E6%8A%80%E6%9C%AF/index.xml" rel="self" type="application/rss+xml" />
    
    
    <item>
      <title>metasploit python 模块</title>
      <link>http://blue-bird1.github.io/post/metasploit-python-%E6%A8%A1%E5%9D%97/</link>
      <pubDate>Mon, 01 Jan 0001 00:00:00 +0000</pubDate>
      
      <guid>http://blue-bird1.github.io/post/metasploit-python-%E6%A8%A1%E5%9D%97/</guid>
      <description>metasploit在2017年尾将python作为官方支持语言,并且已经有python模块加入主分支.这使得我们开发metasploit模</description>
    </item>
    
    <item>
      <title>metasploit python 模块是如何运行</title>
      <link>http://blue-bird1.github.io/post/metasploit-python-%E6%A8%A1%E5%9D%97%E6%98%AF%E5%A6%82%E4%BD%95%E8%BF%90%E8%A1%8C/</link>
      <pubDate>Mon, 01 Jan 0001 00:00:00 +0000</pubDate>
      
      <guid>http://blue-bird1.github.io/post/metasploit-python-%E6%A8%A1%E5%9D%97%E6%98%AF%E5%A6%82%E4%BD%95%E8%BF%90%E8%A1%8C/</guid>
      <description>开始 metasploit的扩展实现的代码主要在metasploit-framework/lib/msf/core/modules/exter</description>
    </item>
    
  </channel>
</rss>