<?xml version="1.0" encoding="utf-8" standalone="yes" ?>
<rss version="2.0" xmlns:atom="http://www.w3.org/2005/Atom">
  <channel>
    <title>网络安全 on 青鸟的博客</title>
    <link>http://blue-bird1.github.io/categories/%E7%BD%91%E7%BB%9C%E5%AE%89%E5%85%A8/</link>
    <description>Recent content in 网络安全 on 青鸟的博客</description>
    <generator>Hugo -- gohugo.io</generator>
    <language>zh-CN</language>
    <lastBuildDate>Thu, 17 Jan 2019 23:19:42 +0800</lastBuildDate>
    
	<atom:link href="http://blue-bird1.github.io/categories/%E7%BD%91%E7%BB%9C%E5%AE%89%E5%85%A8/index.xml" rel="self" type="application/rss+xml" />
    
    
    <item>
      <title>think5审计与调试技巧1</title>
      <link>http://blue-bird1.github.io/post/thinkphp5-1/</link>
      <pubDate>Thu, 17 Jan 2019 23:19:42 +0800</pubDate>
      
      <guid>http://blue-bird1.github.io/post/thinkphp5-1/</guid>
      <description>&lt;h3 id=&#34;think5审计与调试技巧1&#34;&gt;think5审计与调试技巧1&lt;/h3&gt;</description>
    </item>
    
    <item>
      <title>寻找历史漏洞</title>
      <link>http://blue-bird1.github.io/post/findbug/</link>
      <pubDate>Tue, 22 May 2018 09:24:36 +0000</pubDate>
      
      <guid>http://blue-bird1.github.io/post/findbug/</guid>
      <description>前言 对于著名cms 一旦爆出漏洞就算是xss 一天内都能看到漏洞分析文章和写好的利用代码。 但是如果我们渗透测试的时候遇到了不怎么著名的cms 发现</description>
    </item>
    
  </channel>
</rss>