<?xml version="1.0" encoding="utf-8" standalone="yes" ?>
<rss version="2.0" xmlns:atom="http://www.w3.org/2005/Atom">
  <channel>
    <title>Docker on 青鸟的博客</title>
    <link>http://blue-bird1.github.io/tags/docker/</link>
    <description>Recent content in Docker on 青鸟的博客</description>
    <generator>Hugo -- gohugo.io</generator>
    <language>zh-CN</language>
    <lastBuildDate>Tue, 15 Jan 2019 21:51:16 +0800</lastBuildDate>
    
	<atom:link href="http://blue-bird1.github.io/tags/docker/index.xml" rel="self" type="application/rss+xml" />
    
    
    <item>
      <title>Docker搭建复现环境</title>
      <link>http://blue-bird1.github.io/post/dockertopoc/</link>
      <pubDate>Tue, 15 Jan 2019 21:51:16 +0800</pubDate>
      
      <guid>http://blue-bird1.github.io/post/dockertopoc/</guid>
      <description>&lt;h3 id=&#34;docker搭建复现环境&#34;&gt;docker搭建复现环境&lt;/h3&gt;

&lt;p&gt;安全人员进行漏洞复现经常需要搭建漏洞环境, docker能够很方便搭建漏洞环境,同时提供相当好的性能,管理功能.&lt;/p&gt;</description>
    </item>
    
  </channel>
</rss>